{
    "train_accuracy": 0.890080451965332,
    "val_accuracy": 0.7775947451591492,
    "val_loss": 0.45502740144729614
}